<?xml version="1.0" encoding="UTF-8"?>
<root>
    <doclet-version-NOT-library-version>1.05</doclet-version-NOT-library-version>
    <class>
        <name>ir.telegram.b4a.teleg_warp</name>
        <shortname>telegramB4a</shortname>
        <comment>Created by owner on 01/11/2017.</comment>
        <objectwrapper>org.drinkless.td.libcore.telegram.TdApi</objectwrapper>
        <owner>process</owner>
        <event>_errormsg(value as string)</event>
        <event>_loginok(value as string)</event>
        <event>_accpass(value as string)</event>
        <event>_getme(value as string)</event>
        <event>_sendsms(value as string)</event>
        <event>_chatinvitelinkinfo(value as string)</event>
        <event>_joingroup(value as string)</event>
        <event>_joingroup(value as string)</event>
        <event>_getchat(value as string)</event>
        <event>_getchats(value as string)</event>
        <event>_getuserinfo(value as string)</event>
        <event>_joinchannel(value as string)</event>
        <event>_viewdon(value as string)</event>
        <method>
            <name>EditProxy</name>
            <comment></comment>
            <returntype>void</returntype>
            <parameter>
                <name>proxyId</name>
                <type>int</type>
            </parameter>
            <parameter>
                <name>server</name>
                <type>java.lang.String</type>
            </parameter>
            <parameter>
                <name>port</name>
                <type>int</type>
            </parameter>
            <parameter>
                <name>enable</name>
                <type>boolean</type>
            </parameter>
        </method>
        <method>
            <name>invieUserContact</name>
            <comment></comment>
            <returntype>void</returntype>
            <parameter>
                <name>userid</name>
                <type>int</type>
            </parameter>
            <parameter>
                <name>chatid</name>
                <type>long</type>
            </parameter>
            <parameter>
                <name>forwardlimit</name>
                <type>int</type>
            </parameter>
        </method>
        <method>
            <name>main</name>
            <comment></comment>
            <returntype>void</returntype>
            <parameter>
                <name>args</name>
                <type>java.lang.String[]</type>
            </parameter>
        </method>
        <method>
            <name>IsInitialized</name>
            <comment></comment>
            <returntype>boolean</returntype>
        </method>
        <method>
            <name>Initialize</name>
            <comment></comment>
            <returntype>void</returntype>
            <parameter>
                <name>ba</name>
                <type>anywheresoftware.b4a.BA</type>
            </parameter>
            <parameter>
                <name>EventName</name>
                <type>java.lang.String</type>
            </parameter>
        </method>
        <method>
            <name>getChatList</name>
            <comment></comment>
            <returntype>void</returntype>
            <parameter>
                <name>limit</name>
                <type>int</type>
            </parameter>
        </method>
        <method>
            <name>getRemoteFile</name>
            <comment></comment>
            <returntype>void</returntype>
            <parameter>
                <name>remoteFile</name>
                <type>java.lang.String</type>
            </parameter>
        </method>
        <method>
            <name>settingmedia</name>
            <comment>public void emptyProxy() {

         TdApi.ProxyEmpty proxyEmpty = new TdApi.ProxyEmpty();
         TdApi.SetProxy setProxy = new TdApi.SetProxy(proxyEmpty);
         client.send(setProxy, new Client.ResultHandler() {</comment>
            <returntype>void</returntype>
        </method>
        <method>
            <name>Getingmsg</name>
            <comment></comment>
            <returntype>void</returntype>
            <parameter>
                <name>chatid</name>
                <type>long</type>
            </parameter>
            <parameter>
                <name>fromMsg_id</name>
                <type>long[]</type>
            </parameter>
            <parameter>
                <name>offs</name>
                <type>int</type>
            </parameter>
            <parameter>
                <name>lim</name>
                <type>int</type>
            </parameter>
            <parameter>
                <name>namechannel</name>
                <type>java.lang.String</type>
            </parameter>
        </method>
        <method>
            <name>updatefile</name>
            <comment></comment>
            <returntype>void</returntype>
            <parameter>
                <name>fileid</name>
                <type>int</type>
            </parameter>
        </method>
        <method>
            <name>test</name>
            <comment></comment>
            <returntype>void</returntype>
            <parameter>
                <name>a</name>
                <type>int</type>
            </parameter>
            <parameter>
                <name>b</name>
                <type>int</type>
            </parameter>
        </method>
        <method>
            <name>getChats</name>
            <comment></comment>
            <returntype>void</returntype>
            <parameter>
                <name>offsetOrder</name>
                <type>long</type>
            </parameter>
            <parameter>
                <name>offsetChatID</name>
                <type>long</type>
            </parameter>
            <parameter>
                <name>limit</name>
                <type>int</type>
            </parameter>
        </method>
        <method>
            <name>GetProxyLink</name>
            <comment></comment>
            <returntype>void</returntype>
            <parameter>
                <name>proxyId</name>
                <type>int</type>
            </parameter>
        </method>
        <method>
            <name>Joinchannel</name>
            <comment></comment>
            <returntype>void</returntype>
            <parameter>
                <name>chat_id</name>
                <type>java.lang.String</type>
            </parameter>
            <parameter>
                <name>id_user</name>
                <type>int</type>
            </parameter>
        </method>
        <method>
            <name>checkCode</name>
            <comment></comment>
            <returntype>void</returntype>
            <parameter>
                <name>code</name>
                <type>java.lang.String</type>
            </parameter>
        </method>
        <method>
            <name>Getchannelinfo</name>
            <comment></comment>
            <returntype>void</returntype>
            <parameter>
                <name>Chanid</name>
                <type>int</type>
            </parameter>
        </method>
        <method>
            <name>downloadFile</name>
            <comment></comment>
            <returntype>void</returntype>
            <parameter>
                <name>fileId</name>
                <type>int</type>
            </parameter>
        </method>
        <method>
            <name>testsms</name>
            <comment></comment>
            <returntype>void</returntype>
            <parameter>
                <name>Value</name>
                <type>java.lang.String</type>
            </parameter>
        </method>
        <method>
            <name>AddProxy</name>
            <comment></comment>
            <returntype>void</returntype>
            <parameter>
                <name>server</name>
                <type>java.lang.String</type>
            </parameter>
            <parameter>
                <name>port</name>
                <type>int</type>
            </parameter>
            <parameter>
                <name>enable</name>
                <type>boolean</type>
            </parameter>
        </method>
        <method>
            <name>checkPassword</name>
            <comment></comment>
            <returntype>void</returntype>
            <parameter>
                <name>password</name>
                <type>java.lang.String</type>
            </parameter>
        </method>
        <method>
            <name>DisableProxy</name>
            <comment></comment>
            <returntype>void</returntype>
        </method>
        <method>
            <name>RemoveProxy</name>
            <comment></comment>
            <returntype>void</returntype>
            <parameter>
                <name>proxyId</name>
                <type>int</type>
            </parameter>
        </method>
        <method>
            <name>Getmessage</name>
            <comment></comment>
            <returntype>void</returntype>
            <parameter>
                <name>chatid</name>
                <type>long</type>
            </parameter>
            <parameter>
                <name>msgid</name>
                <type>long</type>
            </parameter>
            <parameter>
                <name>username</name>
                <type>java.lang.String</type>
            </parameter>
        </method>
        <method>
            <name>Getchanneluser</name>
            <comment></comment>
            <returntype>void</returntype>
            <parameter>
                <name>Chanid</name>
                <type>int</type>
            </parameter>
        </method>
        <method>
            <name>GetProxies</name>
            <comment></comment>
            <returntype>void</returntype>
        </method>
        <method>
            <name>invieUsers</name>
            <comment></comment>
            <returntype>void</returntype>
            <parameter>
                <name>userid</name>
                <type>int</type>
            </parameter>
            <parameter>
                <name>chatid</name>
                <type>long</type>
            </parameter>
            <parameter>
                <name>forwardlimit</name>
                <type>int</type>
            </parameter>
        </method>
        <method>
            <name>closeChat</name>
            <comment></comment>
            <returntype>void</returntype>
            <parameter>
                <name>chatid</name>
                <type>long</type>
            </parameter>
        </method>
        <method>
            <name>Setphone</name>
            <comment></comment>
            <returntype>void</returntype>
            <parameter>
                <name>phoneN</name>
                <type>java.lang.String</type>
            </parameter>
        </method>
        <method>
            <name>searchPublicChat</name>
            <comment></comment>
            <returntype>void</returntype>
            <parameter>
                <name>chatname</name>
                <type>java.lang.String</type>
            </parameter>
        </method>
        <method>
            <name>getUserGap</name>
            <comment></comment>
            <returntype>void</returntype>
            <parameter>
                <name>chatid</name>
                <type>int</type>
            </parameter>
            <parameter>
                <name>limits</name>
                <type>int</type>
            </parameter>
            <parameter>
                <name>offsets</name>
                <type>int</type>
            </parameter>
        </method>
        <method>
            <name>Getme</name>
            <comment></comment>
            <returntype>void</returntype>
        </method>
        <method>
            <name>Viewmsg</name>
            <comment></comment>
            <returntype>void</returntype>
            <parameter>
                <name>chat_id</name>
                <type>long</type>
            </parameter>
            <parameter>
                <name>id_msgs</name>
                <type>long[]</type>
            </parameter>
        </method>
        <method>
            <name>OpenChat</name>
            <comment></comment>
            <returntype>void</returntype>
            <parameter>
                <name>chatid</name>
                <type>long</type>
            </parameter>
        </method>
        <method>
            <name>Getmessages</name>
            <comment></comment>
            <returntype>void</returntype>
            <parameter>
                <name>chatid</name>
                <type>long</type>
            </parameter>
            <parameter>
                <name>msgid</name>
                <type>long[]</type>
            </parameter>
        </method>
        <method>
            <name>EnableProxy</name>
            <comment></comment>
            <returntype>void</returntype>
            <parameter>
                <name>proxyId</name>
                <type>int</type>
            </parameter>
        </method>
        <method>
            <name>get_ch</name>
            <comment></comment>
            <returntype>void</returntype>
            <parameter>
                <name>limit</name>
                <type>int</type>
            </parameter>
        </method>
        <method>
            <name>sendMessage</name>
            <comment></comment>
            <returntype>void</returntype>
            <parameter>
                <name>chatId</name>
                <type>long</type>
            </parameter>
            <parameter>
                <name>message</name>
                <type>java.lang.String</type>
            </parameter>
        </method>
        <method>
            <name>getChatHistory</name>
            <comment></comment>
            <returntype>void</returntype>
            <parameter>
                <name>chatid</name>
                <type>long</type>
            </parameter>
            <parameter>
                <name>fromeMsgId</name>
                <type>long</type>
            </parameter>
            <parameter>
                <name>offset</name>
                <type>int</type>
            </parameter>
            <parameter>
                <name>limit</name>
                <type>int</type>
            </parameter>
            <parameter>
                <name>onlylocal</name>
                <type>boolean</type>
            </parameter>
        </method>
        <method>
            <name>Getpub</name>
            <comment></comment>
            <returntype>void</returntype>
            <parameter>
                <name>chatid</name>
                <type>long</type>
            </parameter>
            <parameter>
                <name>msgid</name>
                <type>long</type>
            </parameter>
        </method>
        <method>
            <name>returnchatlist</name>
            <comment></comment>
            <returntype>void</returntype>
            <parameter>
                <name>Value</name>
                <type>java.lang.String</type>
            </parameter>
        </method>
        <method>
            <name>getUserinfo</name>
            <comment></comment>
            <returntype>void</returntype>
            <parameter>
                <name>userid</name>
                <type>int</type>
            </parameter>
        </method>
        <method>
            <name>invieUser</name>
            <comment></comment>
            <returntype>void</returntype>
            <parameter>
                <name>userid</name>
                <type>int</type>
            </parameter>
            <parameter>
                <name>chatid</name>
                <type>long</type>
            </parameter>
            <parameter>
                <name>forwardlimit</name>
                <type>int</type>
            </parameter>
        </method>
        <method>
            <name>settypeprox</name>
            <comment></comment>
            <returntype>void</returntype>
            <parameter>
                <name>select_type</name>
                <type>int</type>
            </parameter>
            <parameter>
                <name>username</name>
                <type>java.lang.String</type>
            </parameter>
            <parameter>
                <name>password</name>
                <type>java.lang.String</type>
            </parameter>
            <parameter>
                <name>secret</name>
                <type>java.lang.String</type>
            </parameter>
        </method>
        <method>
            <name>PingProxy</name>
            <comment></comment>
            <returntype>void</returntype>
            <parameter>
                <name>proxyId</name>
                <type>int</type>
            </parameter>
        </method>
        <method>
            <name>testRaiseEvent</name>
            <comment></comment>
            <returntype>void</returntype>
            <parameter>
                <name>Value</name>
                <type>java.lang.String</type>
            </parameter>
        </method>
        <method>
            <name>constats</name>
            <comment></comment>
            <returntype>void</returntype>
        </method>
        <method>
            <name>logOut</name>
            <comment></comment>
            <returntype>void</returntype>
        </method>
        <property>
            <name>ConnectionState</name>
            <returntype>org.drinkless.td.libcore.telegram.TdApi.ConnectionState</returntype>
            <comment></comment>
        </property>
        <field>
            <name>phonenumber</name>
            <comment></comment>
            <returntype>java.lang.String</returntype>
        </field>
        <field>
            <name>code_num</name>
            <comment></comment>
            <returntype>java.lang.String</returntype>
        </field>
        <field>
            <name>chat_link</name>
            <comment></comment>
            <returntype>java.lang.String</returntype>
        </field>
        <field>
            <name>typep</name>
            <comment></comment>
            <returntype>org.drinkless.td.libcore.telegram.TdApi.ProxyType</returntype>
        </field>
        <field>
            <name>accname</name>
            <comment></comment>
            <returntype>java.lang.String</returntype>
        </field>
    </class>
    <class>
        <name>ir.telegram.b4a.TgH</name>
        <comment>Created by Snake on 16.01.2016.</comment>
        <owner>process</owner>
        <method>
            <name>init</name>
            <comment>Init TDLib, check auth state, load profile info and then call resultCallback
onGetAuthHandler: callback Ok or Error return.</comment>
            <returntype>void</returntype>
            <parameter>
                <name>c</name>
                <type>android.content.Context</type>
            </parameter>
            <parameter>
                <name>onGetAuthHandler</name>
                <type>org.drinkless.td.libcore.telegram.Client.ResultHandler</type>
            </parameter>
        </method>
        <method>
            <name>TG</name>
            <comment></comment>
            <returntype>org.drinkless.td.libcore.telegram.Client</returntype>
        </method>
        <method>
            <name>sendOnUi</name>
            <comment></comment>
            <returntype>void</returntype>
            <parameter>
                <name>f</name>
                <type>org.drinkless.td.libcore.telegram.TdApi.Function</type>
            </parameter>
            <parameter>
                <name>resultHandler</name>
                <type>org.drinkless.td.libcore.telegram.Client.ResultHandler</type>
            </parameter>
        </method>
        <method>
            <name>startUpdatesHandler</name>
            <comment></comment>
            <returntype>void</returntype>
        </method>
        <method>
            <name>removeUpdatesHandler</name>
            <comment></comment>
            <returntype>void</returntype>
            <parameter>
                <name>r</name>
                <type>org.drinkless.td.libcore.telegram.Client.ResultHandler</type>
            </parameter>
        </method>
        <method>
            <name>getProfile</name>
            <comment></comment>
            <returntype>void</returntype>
            <parameter>
                <name>callback</name>
                <type>org.drinkless.td.libcore.telegram.Client.ResultHandler</type>
            </parameter>
        </method>
        <method>
            <name>send</name>
            <comment></comment>
            <returntype>void</returntype>
            <parameter>
                <name>function</name>
                <type>org.drinkless.td.libcore.telegram.TdApi.Function</type>
            </parameter>
        </method>
        <method>
            <name>execute</name>
            <comment>Execute {@link TdApi.Function} in current thread. &lt;b&gt;This method cannot be run under TdLib ResultHandler onResult method!&lt;/b&gt;
Return type: @return:return result {@link TdApi.Object} or null if thread was interrupted</comment>
            <returntype>org.drinkless.td.libcore.telegram.TdApi.Object</returntype>
            <parameter>
                <name>f</name>
                <type>org.drinkless.td.libcore.telegram.TdApi.Function</type>
            </parameter>
        </method>
        <property>
            <name>UpdatesHandler</name>
            <parameter>
                <name>r</name>
                <type>org.drinkless.td.libcore.telegram.Client.ResultHandler</type>
            </parameter>
            <comment></comment>
        </property>
        <property>
            <name>Profile</name>
            <returntype>void</returntype>
            <comment></comment>
        </property>
        <field>
            <name>selfProfileId</name>
            <comment></comment>
            <returntype>int</returntype>
        </field>
        <field>
            <name>users</name>
            <comment></comment>
            <returntype>android.util.SparseArray</returntype>
        </field>
    </class>
    <class>
        <name>ir.telegram.b4a.TgUtils</name>
        <comment>Created by Snake on 27.02.2016.</comment>
        <owner>process</owner>
        <method>
            <name>isAuthorized</name>
            <comment></comment>
            <returntype>boolean</returntype>
            <parameter>
                <name>object</name>
                <type>org.drinkless.td.libcore.telegram.TdApi.Object</type>
            </parameter>
        </method>
        <method>
            <name>isError</name>
            <comment></comment>
            <returntype>boolean</returntype>
            <parameter>
                <name>object</name>
                <type>org.drinkless.td.libcore.telegram.TdApi.Object</type>
            </parameter>
        </method>
        <method>
            <name>isOk</name>
            <comment></comment>
            <returntype>boolean</returntype>
            <parameter>
                <name>object</name>
                <type>org.drinkless.td.libcore.telegram.TdApi.Object</type>
            </parameter>
        </method>
        <method>
            <name>getUser</name>
            <comment></comment>
            <returntype>org.drinkless.td.libcore.telegram.TdApi.User</returntype>
            <parameter>
                <name>userId</name>
                <type>int</type>
            </parameter>
        </method>
        <method>
            <name>emptyResultHandler</name>
            <comment></comment>
            <returntype>org.drinkless.td.libcore.telegram.Client.ResultHandler</returntype>
        </method>
    </class>
    <version>1.1</version>
</root>
